"last_name","first_name","middle_name","date_of_birth","age_at_offense","race","sex","offense","offense_date"
"Rivera","Carolyn","Moana","1992-09-21","33","Asian","Unknown","Motor Vehicle Theft","2025-03-28"
"Zheng","Ronald","Janet","2012-02-22","13","Asian","Male","Larceny/Theft Offenses - Shoplifting","2025-07-10"
"Iyer","Donghyun","","2000-06-09","25","Black or African American","Male","Larceny/Theft Offenses - All Other Larceny","2025-05-14"
"Phillips","Matthew","","1969-07-26","56","White","Male","Fraud Offenses - Credit Card/ATM Fraud","2025-02-14"
"Matsumoto","Pavel","Sonja","1985-03-30","40","White","Male","Larceny/Theft Offenses - Theft From Motor Vehicle","2025-05-06"
"Smith","Miroslav","Kavita","2002-02-21","23","Unknown","Male","Larceny/Theft Offenses - All Other Larceny","2025-03-08"
"Singh","Ravi","","2011-12-27","14","Black or African American","Male","Larceny/Theft Offenses - All Other Larceny","2025-02-13"
"Tran","Trayvon","L.","2006-09-15","19","Black or African American","Male","Larceny/Theft Offenses - Theft From Motor Vehicle","2025-07-24"
"Zhou","Leila","Grace","2016-06-09","9","Native Hawaiian or Other Pacific Islander","Female","Simple Assault","2025-05-06"
"Taufa","Eunji","Xiu","1956-04-04","69","White","Female","Simple Assault","2025-04-21"
"Kealoha","Gloria","Nancy","2004-12-11","21","White","Female","Destruction/Damage/Vandalism of Property","2025-07-14"
"James","Roberto","Lan","1962-02-16","63","Unknown","Male","Drug/Narcotic Violations","2025-07-11"
"Russell","Rosa","Ann","1977-08-01","48","White","Female","Motor Vehicle Theft","2025-01-31"
"Campbell","Angela","Gabriela","1960-06-26","65","Black or African American","Female","Fraud Offenses - Impersonation","2025-07-30"
"White","Joshua","Sione","1976-09-11","49","White","Male","Stolen Property Offenses","2025-04-24"
"Tuilagi","Ryo","Alexei","1975-04-03","50","White","Male","Larceny/Theft Offenses - Theft From Motor Vehicle","2025-03-18"
"Watts","Minh","Hiroshi","1991-08-19","34","White","Male","Counterfeiting/Forgery","2025-05-04"
"Carter","Hiroshi","","1987-02-19","38","White","Male","Fraud Offenses - Credit Card/ATM Fraud","2025-04-20"
"Peterson","Minh","T.","2009-06-16","16","White","Male","Fraud Offenses - Identity Theft","2025-02-15"
"Iyer","Shirley","Soojin","1992-09-05","33","White","Female","Drug/Narcotic Violations","2025-03-06"
"Do","Debra","J.","2020-07-31","5","Asian","Female","Simple Assault","2025-05-22"
"Peterson","Deepak","Minji","1976-12-15","49","Unknown","Male","Intimidation","2025-07-14"
"Morgan","Jack","Minh","1983-04-21","42","White","Male","Simple Assault","2025-02-26"
"Nguyen","Ravi","Glen","1974-11-08","51","White","Male","Larceny/Theft Offenses - Shoplifting","2025-06-13"
"Reddy","Hassan","Patricia","1993-09-06","32","Asian","Male","Larceny/Theft Offenses - All Other Larceny","2025-06-18"
"Ahmed","Francisco","S.","1954-07-06","71","Black or African American","Male","Larceny/Theft Offenses - Shoplifting","2025-07-24"
"Joshi","Long","Minsu","2013-03-21","12","Unknown","Male","Drug Equipment Violations","2025-05-04"
"Benson","Alejandro","","2001-12-25","24","White","Male","Larceny/Theft Offenses - Shoplifting","2025-07-26"
"Sun","Sandra","Ivan","1999-09-23","26","Asian","Female","Larceny/Theft Offenses - All Other Larceny","2025-02-02"
"Kang","Roberto","Donald","1989-12-14","35","White","Male","Larceny/Theft Offenses - Theft From Building","2025-02-20"
"Green","Samira","Kendrick","1976-05-11","49","White","Female","Intimidation","2025-03-25"
"Singh","Susan","Faith","1984-09-08","40","White","Female","Fraud Offenses - Impersonation","2025-03-10"
"Munoz","Gary","Javier","2010-12-01","15","White","Male","Larceny/Theft Offenses - Theft From Motor Vehicle","2025-07-20"
"Le","Mark","Devonte","2008-04-02","17","White","Male","Larceny/Theft Offenses - Shoplifting","2025-07-06"
"Vega","Mark","Vasil","1982-10-06","43","American Indian or Alaska Native","Male","Intimidation","2025-02-15"
"Reyes","Victor","S.","2013-02-16","12","White","Male","Larceny/Theft Offenses - Theft From Motor Vehicle","2025-04-16"
"Ito","Latasha","Mariana","2013-10-01","12","White","Female","Simple Assault","2025-07-18"
"Young","Camila","Tamika","1984-10-06","41","White","Female","Destruction/Damage/Vandalism of Property","2025-03-12"
"Kato","Daniela","Karen","1968-03-25","57","White","Female","Larceny/Theft Offenses - Theft From Motor Vehicle","2025-05-14"
"Bell","Huong","Ivan","2020-11-23","5","Asian","Female","Burglary/Breaking & Entering","2025-06-26"
"Richardson","Tui","","1947-09-03","78","White","Male","Prostitution","2025-06-03"
"Evans","Tao","","1988-06-06","37","White","Male","Larceny/Theft Offenses - All Other Larceny","2025-01-04"
"Yang","Wei","","2002-11-14","23","Black or African American","Male","Counterfeiting/Forgery","2025-06-29"
"Mehta","Omar","Nancy","2009-07-27","16","Asian","Male","Counterfeiting/Forgery","2025-02-17"
"Miller","Ali","Kenneth","1996-01-28","29","Asian","Male","Fraud Offenses - Credit Card/ATM Fraud","2025-07-16"
"Brooks","Duc","V.","2002-10-17","23","White","Male","Destruction/Damage/Vandalism of Property","2025-07-11"
"Garrett","Gary","Debra","1980-09-22","45","White","Male","Fraud Offenses - False Pretenses/Swindle/Confidence Game","2025-07-28"
"Payne","Mai","R.","1980-03-31","45","Asian","Female","Human Trafficking - Commercial Sex Acts","2025-03-19"
"Reed","Kekoa","Carlos","1952-06-04","73","Unknown","Male","Larceny/Theft Offenses - Theft From Building","2025-05-16"
"Sharma","Latoya","Jennifer","1955-11-13","70","White","Female","Incest","2025-04-10"
"Lopez","Janet","Angela","2024-06-15","1","White","Female","Drug Equipment Violations","2025-02-04"
"Bailey","Esperanza","Brian","2000-10-11","25","Asian","Female","Simple Assault","2025-03-30"
"Jefferson","Xiu","A.","1978-02-08","47","Asian","Female","Arson","2025-07-30"
"Jang","Deepak","Larry","1986-05-03","39","Asian","Male","Burglary/Breaking & Entering","2025-05-01"
"Reyes","Alejandra","Malik","2006-05-07","19","White","Female","Stalking","2025-07-23"
"Payne","Margaret","H.","2008-05-14","17","White","Female","Robbery","2025-01-25"
"Harris","Valeria","","1980-01-27","45","White","Female","Intimidation","2025-03-29"
"Peterson","George","Ryan","1972-11-15","53","White","Male","Sodomy","2025-05-07"
"Nguyen","Haruka","","1992-06-07","33","Asian","Female","Drug/Narcotic Violations","2025-06-05"
"Popov","Lan","Moana","1973-03-11","52","White","Female","Sodomy","2025-03-09"
"Benson","Nana","A.","2006-07-26","19","Asian","Female","Larceny/Theft Offenses - Shoplifting","2025-05-27"
"Benson","Yan","Jing","1999-01-18","26","White","Female","Larceny/Theft Offenses - All Other Larceny","2025-03-16"
"Khalil","Nasser","","1955-01-01","70","Asian","Male","Larceny/Theft Offenses - Shoplifting","2025-01-03"
"Edwards","Sanjay","Mila","1998-03-03","27","White","Male","Drug Equipment Violations","2025-04-13"
"Zheng","Olga","Nikhil","2010-04-30","15","White","Female","Larceny/Theft Offenses - Theft From Building","2025-02-18"
"Kelly","Na","Margaret","1952-12-09","73","Asian","Female","Destruction/Damage/Vandalism of Property","2025-03-22"
"Kumar","Nisha","","1992-08-04","33","White","Female","Counterfeiting/Forgery","2025-07-12"
"Joshi","Yuki","Maria","2001-04-05","24","White","Male","Larceny/Theft Offenses - Shoplifting","2025-05-23"
"Jenkins","Carlos","Jamal","1984-12-16","41","White","Male","Simple Assault","2025-04-10"
"Cruz","Deshawn","Nadia","1972-04-02","53","White","Male","Larceny/Theft Offenses - All Other Larceny","2025-02-10"
"Kelly","Rahul","Shaniqua","1990-09-28","35","White","Male","Larceny/Theft Offenses - All Other Larceny","2025-01-30"
"Cruz","Diego","Huong","1982-04-13","43","White","Male","Larceny/Theft Offenses - Theft From Motor Vehicle","2025-06-24"
"Ortiz","Stephanie","Heather","2002-02-04","23","White","Female","Counterfeiting/Forgery","2025-03-18"
"Ngo","Samir","Boris","2020-01-27","5","White","Male","Burglary/Breaking & Entering","2025-07-21"
"Nakamura","Mai","Lani","1996-02-09","29","Asian","Female","Burglary/Breaking & Entering","2025-07-29"
"Kelly","Jing","S.","1980-08-01","45","White","Female","Fraud Offenses - Credit Card/ATM Fraud","2025-06-02"
"Romero","Sunita","Tuan","1926-08-05","99","White","Female","Larceny/Theft Offenses - Theft From Building","2025-07-10"
"Ward","Stephanie","Hiroshi","2006-11-18","19","White","Female","Drug/Narcotic Violations","2025-01-06"
"Byrd","Jonathan","Kay","1970-06-06","55","Asian","Male","Simple Assault","2025-04-26"
"Jefferson","Rani","","1980-09-29","45","White","Female","Destruction/Damage/Vandalism of Property","2025-04-20"
"Shah","Jun","Betty","2014-04-27","11","Unknown","Male","Larceny/Theft Offenses - All Other Larceny","2025-01-02"
"Flores","Daniela","E.","1982-10-01","43","White","Unknown","Simple Assault","2025-03-10"
"Kim","Jalen","Tariq","1933-01-21","92","Unknown","Male","Fraud Offenses - Identity Theft","2025-07-28"
"Jimenez","Samir","Camila","1994-09-27","31","White","Male","Drug Equipment Violations","2025-01-12"
"Hernandez","Irina","G.","1977-10-18","48","Unknown","Female","Simple Assault","2025-06-08"
"Peterson","Shaniqua","Nikolai","2004-06-09","21","Asian","Female","Larceny/Theft Offenses - Theft From Building","2025-01-31"
"Watts","Emily","","1992-11-14","33","Unknown","Female","Burglary/Breaking & Entering","2025-03-15"
"Hassan","Deepak","Joseph","2007-09-12","18","Asian","Male","Larceny/Theft Offenses - Theft From Building","2025-02-25"
"Carter","Jamal","N.","1964-01-26","61","White","Male","Larceny/Theft Offenses - All Other Larceny","2025-05-20"
"Baylor","Dorothy","","1952-06-13","73","White","Female","Drug/Narcotic Violations","2025-04-29"
"Singh","Duc","","1996-03-29","29","White","Male","Fraud Offenses - Identity Theft","2025-02-03"
"Gomez","Miguel","Glen","1961-06-26","64","White","Male","Larceny/Theft Offenses - Theft From Building","2025-03-10"
"Ma","Devonte","Nasser","1966-02-01","59","Unknown","Male","Kidnapping/Abduction","2025-06-02"
"Ahmed","Mariana","","1966-09-17","59","White","Unknown","Motor Vehicle Theft","2025-02-03"
"Yang","Katherine","Donghyun","1953-02-20","72","White","Female","Drug Equipment Violations","2025-06-12"
"Robinson","Melissa","Natasha","2005-08-14","20","White","Female","Robbery","2025-03-22"
"Baker","Rebecca","Eunji","1969-02-27","56","White","Female","Fraud Offenses - False Pretenses/Swindle/Confidence Game","2025-03-23"
"Evans","Adriana","Kavita","1959-07-05","66","Unknown","Female","Fraud Offenses - Credit Card/ATM Fraud","2025-07-21"
"Faleolo","Tuan","Amanda","1948-12-04","77","Unknown","Male","Aggravated Assault","2025-04-07"
"Thomas","Richard","","2011-06-11","14","White","Male","Robbery","2025-04-23"
"Morgan","Tiffany","Miguel","1957-09-22","68","White","Female","Stolen Property Offenses","2025-07-09"
"Smith","Lei","A.","1963-07-20","62","White","Male","Larceny/Theft Offenses - Theft From Motor Vehicle","2025-04-02"
"Collins","Saki","","1958-02-11","67","White","Female","Simple Assault","2025-01-05"
"Kovac","Katherine","Leticia","1965-12-01","60","White","Female","Larceny/Theft Offenses - Theft From Motor Vehicle","2025-05-20"
"Hill","Damon","Priya","1989-05-04","35","Black or African American","Male","Destruction/Damage/Vandalism of Property","2025-03-28"
"Price","Monique","Lee","1990-08-07","35","Unknown","Female","Larceny/Theft Offenses - Theft From Motor Vehicle","2025-06-22"
"Jefferson","Raj","A.","1989-05-02","36","Unknown","Male","Burglary/Breaking & Entering","2025-02-07"
"Yoon","Fatima","Nicholas","1994-12-24","31","White","Female","Fraud Offenses - Identity Theft","2025-01-13"
"Robinson","Kenneth","H.","1980-04-02","45","White","Male","Drug Equipment Violations","2025-04-09"
"Adams","Hiroshi","Deborah","1981-08-22","44","White","Male","Larceny/Theft Offenses - Theft From Motor Vehicle","2025-07-11"
"Hall","Haruka","Fang","2022-05-26","2","White","Female","Fraud Offenses - False Pretenses/Swindle/Confidence Game","2025-05-05"
"Pillai","Long","Lamar","1929-12-23","96","White","Male","Fondling","2025-01-18"
"Wilson","Ryo","Jamal","1996-07-09","29","Unknown","Male","Intimidation","2025-04-05"
"Faga","Diana","Amit","1979-11-04","46","White","Female","Intimidation","2025-02-28"
"Iyer","Melissa","Sonja","1965-01-02","60","Asian","Female","Larceny/Theft Offenses - All Other Larceny","2025-03-08"
"Allen","Tao","Alana","2009-05-21","16","Unknown","Male","Fraud Offenses - Credit Card/ATM Fraud","2025-05-07"
"Karimi","Marquis","B.","1954-01-20","71","Asian","Male","Aggravated Assault","2025-02-17"
"Liu","Tuan","Isabella","2006-06-15","19","White","Male","Larceny/Theft Offenses - Theft From Building","2025-03-09"
"Anderson","Larry","Y.","1985-04-10","40","Asian","Male","Simple Assault","2025-04-17"
"James","Amy","Mae","1959-07-25","66","White","Female","Stolen Property Offenses","2025-07-23"
"Walker","Lan","Helen","1994-09-29","31","White","Female","Simple Assault","2025-01-31"
"Nassir","Juan","Ray","1998-11-08","27","White","Male","Larceny/Theft Offenses - Theft From Motor Vehicle","2025-07-21"
"Taufa","Leila","Dmitri","1992-10-23","33","White","Female","Larceny/Theft Offenses - Theft From Motor Vehicle","2025-05-21"
"Williams","Alejandro","Rebecca","2013-01-22","12","Unknown","Male","Larceny/Theft Offenses - Theft From Building","2025-05-07"
"White","Mariana","","1978-05-17","47","Unknown","Female","Larceny/Theft Offenses - Theft From Building","2025-03-14"
"Petrov","Patrick","W.","1984-01-07","41","Unknown","Male","Weapon Law Violations","2025-02-12"
"Singh","Tui","Aaliyah","2001-07-04","24","White","Male","Larceny/Theft Offenses - Theft From Building","2025-07-15"
"Sullivan","Raul","Ronald","1973-03-14","52","White","Male","Larceny/Theft Offenses - Shoplifting","2025-07-16"
"Ito","Debra","Diana","2010-09-30","15","White","Female","Motor Vehicle Theft","2025-07-16"
"Zhang","Elizabeth","","1971-01-26","54","Asian","Female","Motor Vehicle Theft","2025-01-16"
"Guo","Takeshi","Leilani","2000-06-03","25","White","Male","Larceny/Theft Offenses - Theft From Motor Vehicle","2025-02-16"
"Li","Dennis","M.","1979-12-13","46","White","Male","Arson","2025-01-08"
"Ahmed","Minh","Tuan","1992-05-08","33","White","Male","Larceny/Theft Offenses - Theft From Motor Vehicle","2025-05-17"
"Sanchez","Vivek","Gregory","1969-07-09","56","White","Male","Larceny/Theft Offenses - Theft From Building","2025-02-09"
"Hassan","Seung","Kendrick","1977-12-25","48","Unknown","Male","Larceny/Theft Offenses - Shoplifting","2025-07-14"
"Ito","Lan","Rohit","2008-10-04","17","American Indian or Alaska Native","Female","Larceny/Theft Offenses - Shoplifting","2025-02-24"
"Ma","David","Feng","1963-08-11","62","Asian","Male","Fraud Offenses - Impersonation","2025-04-18"
"Baylor","Jessica","Joshua","2007-09-27","18","White","Female","Larceny/Theft Offenses - All Other Larceny","2025-06-21"
"Reyes","Vera","Scott","1999-04-23","26","White","Female","Larceny/Theft Offenses - Theft From Motor Vehicle","2025-01-11"
"Price","Jiyeon","Jennifer","1984-07-09","41","Unknown","Female","Incest","2025-06-28"
"Hughes","Ronald","A.","2013-09-25","12","Asian","Male","Destruction/Damage/Vandalism of Property","2025-05-01"
"Chavez","Emma","Miroslav","2005-05-15","20","White","Female","Larceny/Theft Offenses - Theft From Building","2025-05-22"
"Carter","Tatiana","","1994-02-20","31","White","Female","Larceny/Theft Offenses - Shoplifting","2025-01-09"
"Clark","Akiko","","1967-07-21","58","Unknown","Female","Destruction/Damage/Vandalism of Property","2025-03-25"
"Green","Karen","","1961-01-05","64","White","Female","Burglary/Breaking & Entering","2025-02-06"
"Lim","Melissa","K.","1976-12-09","49","Unknown","Female","Larceny/Theft Offenses - All Other Larceny","2025-03-19"
"Kahananui","Valeria","Feng","1973-04-02","52","White","Female","Larceny/Theft Offenses - Shoplifting","2025-06-21"
"Wilson","Jennifer","Roberto","2007-01-06","18","White","Female","Robbery","2025-04-06"
"Khalil","Patricia","Ronald","2007-06-08","18","Unknown","Female","Larceny/Theft Offenses - Shoplifting","2025-06-24"
"Reyes","Daisuke","","2002-08-19","23","White","Male","Larceny/Theft Offenses - All Other Larceny","2025-07-31"
"Do","Camila","Keisha","1989-09-02","36","Unknown","Female","Larceny/Theft Offenses - Theft From Building","2025-02-05"
"Haynes","Scott","J.","1982-11-23","43","White","Male","Burglary/Breaking & Entering","2025-02-21"
"Vargas","Rahul","Andre","1946-04-10","79","Black or African American","Male","Intimidation","2025-06-10"
"Huang","Samira","Bin","1988-07-03","37","White","Female","Simple Assault","2025-04-09"
"Gutierrez","Jose","Priya","1981-07-25","44","White","Male","Fraud Offenses - False Pretenses/Swindle/Confidence Game","2025-05-05"
"Gonzalez","Vivek","","1982-08-09","43","White","Male","Prostitution","2025-05-20"
"Garcia","Michael","","1981-06-07","44","Asian","Male","Larceny/Theft Offenses - All Other Larceny","2025-04-07"
"Gray","Miroslav","Ashley","1979-02-17","46","Asian","Male","Larceny/Theft Offenses - All Other Larceny","2025-06-20"
"Anderson","Sofia","","2003-11-05","22","White","Female","Destruction/Damage/Vandalism of Property","2025-06-13"
"Anderson","Tatiana","","2004-12-12","21","Unknown","Female","Larceny/Theft Offenses - Shoplifting","2025-03-17"
"Anderson","Minsu","Pamela","1967-05-09","58","White","Male","Fraud Offenses - False Pretenses/Swindle/Confidence Game","2025-04-10"
"Watson","Jun","Kendrick","2019-03-12","6","Asian","Male","Larceny/Theft Offenses - Theft From Motor Vehicle","2025-06-09"
"Lim","Minh","","2002-04-10","22","Black or African American","Male","Destruction/Damage/Vandalism of Property","2025-01-16"
"Gray","Linda","Barbara","1983-08-07","42","White","Female","Fraud Offenses - False Pretenses/Swindle/Confidence Game","2025-07-22"
"Morris","Kenji","Hina","1971-10-26","54","Asian","Male","Intimidation","2025-01-20"
"Li","Malia","Lynn","1981-03-04","44","White","Female","Larceny/Theft Offenses - Theft From Building","2025-06-07"
"Rodriguez","Tariq","B.","1984-11-18","41","Unknown","Male","Fondling","2025-03-27"
"Ramirez","Mark","Damon","1983-12-09","42","Unknown","Male","Larceny/Theft Offenses - Theft From Building","2025-07-08"
"Kobayashi","Andrew","","1978-06-27","47","White","Male","Larceny/Theft Offenses - All Other Larceny","2025-03-07"
"Le","Puja","Koa","1981-09-14","44","White","Female","Larceny/Theft Offenses - Theft From Motor Vehicle","2025-06-25"
"Gutierrez","Yuna","Ivan","2000-04-14","25","White","Female","Motor Vehicle Theft","2025-07-13"
"Green","Stephanie","Andre","1966-11-08","59","White","Female","Burglary/Breaking & Entering","2025-04-27"
"Yamaguchi","Catherine","Sonja","1974-10-26","51","American Indian or Alaska Native","Female","Larceny/Theft Offenses - Shoplifting","2025-05-14"
"Reddy","Fatima","Alexander","2001-07-05","24","White","Female","Larceny/Theft Offenses - Shoplifting","2025-06-27"
"Liu","Shaniqua","Lynn","1976-11-17","49","White","Female","Larceny/Theft Offenses - Theft From Motor Vehicle","2025-02-09"
"Singh","Yuki","Ronald","1994-01-23","31","White","Male","Simple Assault","2025-01-10"
"Wu","Shaniqua","Thomas","1972-03-23","53","Unknown","Female","Stolen Property Offenses","2025-03-03"
"Ahmed","Deepa","Jennifer","1996-05-23","29","American Indian or Alaska Native","Female","Stalking","2025-06-13"
"Ngo","Wei","Andre","1993-12-17","32","Unknown","Male","Burglary/Breaking & Entering","2025-05-21"
"Medina","Moana","Jack","1969-05-12","56","Asian","Female","Fraud Offenses - False Pretenses/Swindle/Confidence Game","2025-07-01"
"Morris","Nadia","","1962-09-09","63","Unknown","Female","Larceny/Theft Offenses - Theft From Motor Vehicle","2025-01-08"
"Walker","Suresh","","1970-03-02","55","White","Male","Simple Assault","2025-02-01"
"Munoz","Alika","Fernando","1998-11-20","27","White","Male","Intimidation","2025-02-24"
"Turner","Alexander","Bogdan","1961-12-10","64","White","Male","Drug/Narcotic Violations","2025-07-26"
"Cook","Sarah","","1983-02-01","42","Asian","Female","Larceny/Theft Offenses - Theft From Building","2025-01-21"
"Vargas","Kendrick","K.","1961-10-18","64","Black or African American","Male","Weapon Law Violations","2025-06-18"
"Martinez","Linda","Jonathan","1991-05-30","34","Asian","Female","Simple Assault","2025-07-23"
"Gonzalez","Cynthia","P.","1995-05-25","30","Asian","Female","Aggravated Assault","2025-05-15"
"Vargas","Puja","Francisco","1992-04-27","33","Unknown","Female","Larceny/Theft Offenses - Theft From Building","2025-03-21"
"Kelly","Joshua","Ming","1935-07-27","90","Black or African American","Male","Simple Assault","2025-01-25"
"Wilson","Deepak","N.","1963-04-16","62","White","Male","Larceny/Theft Offenses - Theft From Motor Vehicle","2025-01-19"
"Haynes","Ravi","Elena","2000-10-20","25","White","Male","Aggravated Assault","2025-01-25"
"Wright","Scott","M.","1990-04-11","35","Black or African American","Male","Larceny/Theft Offenses - Shoplifting","2025-05-04"
"Jimenez","Yasmin","Tui","1962-02-01","63","Unknown","Female","Larceny/Theft Offenses - Shoplifting","2025-06-24"
"Nakamura","Ali","Debra","1969-07-16","56","Unknown","Male","Kidnapping/Abduction","2025-07-06"
"Morgan","David","S.","1999-07-30","26","White","Male","Fraud Offenses - Identity Theft","2025-05-22"
"Holt","Alexei","","1989-05-08","36","Asian","Male","Robbery","2025-06-17"
"Nelson","Mai","Thomas","2005-10-05","20","White","Female","Simple Assault","2025-07-05"
"Stewart","Alexander","Ali","1974-02-10","51","Unknown","Male","Larceny/Theft Offenses - Theft From Building","2025-04-13"
"Rojas","Dorothy","Deepa","1985-02-20","40","American Indian or Alaska Native","Female","Stalking","2025-05-10"
"Robinson","Brandon","Rika","2004-05-24","21","White","Male","Larceny/Theft Offenses - All Other Larceny","2025-02-28"
"James","Ramon","Leticia","1992-02-02","33","White","Male","Larceny/Theft Offenses - Theft From Motor Vehicle","2025-01-02"
"Cho","Yuna","Shanice","1994-12-24","31","White","Female","Larceny/Theft Offenses - Theft From Motor Vehicle","2025-07-30"
"Zhou","Betty","","1978-07-20","47","White","Female","Motor Vehicle Theft","2025-06-03"
"Kahananui","Raj","Yuki","1984-03-05","41","White","Male","Destruction/Damage/Vandalism of Property","2025-06-24"
"Yoshida","Anita","Na","2012-08-25","13","Unknown","Female","Stalking","2025-03-20"
"Cho","Richard","Ravi","1965-10-08","60","Black or African American","Male","Larceny/Theft Offenses - All Other Larceny","2025-04-23"
"Jenkins","Jalen","Hiroshi","1984-11-14","41","Asian","Male","Larceny/Theft Offenses - All Other Larceny","2025-04-25"
"Sanders","Lani","Hui","1991-06-26","34","White","Female","Motor Vehicle Theft","2025-02-20"
"Vo","Natasha","","2008-08-12","17","White","Female","Simple Assault","2025-07-21"
"Evans","Karen","Janet","1995-02-04","30","White","Female","Larceny/Theft Offenses - Theft From Motor Vehicle","2025-01-10"
"Castillo","Hui","David","1926-08-31","99","White","Female","Robbery","2025-02-05"
"Jenkins","Edward","J.","1980-04-03","45","Black or African American","Male","Intimidation","2025-07-10"
"Medina","Katya","Anita","1975-02-27","50","White","Female","Larceny/Theft Offenses - Shoplifting","2025-07-31"
"Stepanov","Melissa","","2003-05-13","22","White","Female","Larceny/Theft Offenses - Shoplifting","2025-07-25"
"Washington","Ryo","Yasmin","1987-10-07","38","Unknown","Male","Fraud Offenses - Impersonation","2025-05-02"
"Evans","Shaniqua","","1951-07-27","74","White","Female","Fraud Offenses - False Pretenses/Swindle/Confidence Game","2025-03-30"
"Menon","Khalid","Puja","2007-03-31","18","White","Male","Destruction/Damage/Vandalism of Property","2025-07-30"
"Sokolov","Esperanza","Sione","1995-12-08","30","Unknown","Female","Fraud Offenses - Credit Card/ATM Fraud","2025-05-04"
"Munoz","Mei","F.","1990-01-16","35","White","Female","Simple Assault","2025-07-23"
"Moreno","Jalen","Gary","2010-02-06","15","White","Male","Burglary/Breaking & Entering","2025-02-20"
"Kim","Aaliyah","Joseph","2003-05-10","22","White","Female","Fraud Offenses - False Pretenses/Swindle/Confidence Game","2025-01-12"
"Cho","Monica","B.","2003-04-26","22","White","Female","Simple Assault","2025-01-31"
"Garcia","Valeria","Samuel","1970-08-26","55","White","Female","Robbery","2025-07-06"
"Kim","Iesha","Brian","1984-11-12","41","Unknown","Female","Larceny/Theft Offenses - Theft From Motor Vehicle","2025-01-05"
"Nakamura","Barbara","Melissa","1994-08-27","31","Asian","Female","Larceny/Theft Offenses - Theft From Building","2025-07-16"
"Diaz","Leticia","Sergio","1991-04-14","34","White","Female","Fondling","2025-02-09"
"Munoz","Steven","B.","1996-11-23","29","Unknown","Male","Motor Vehicle Theft","2025-06-28"
"Williams","Hao","","1990-10-21","35","White","Male","Fraud Offenses - Identity Theft","2025-03-25"
"Phillips","Leila","Yang","1995-06-15","30","Asian","Female","Larceny/Theft Offenses - All Other Larceny","2025-06-08"
"Guo","Nikhil","George","2002-06-22","23","White","Male","Prostitution","2025-02-17"
"Volkov","Phuong","","1990-10-24","35","White","Female","Destruction/Damage/Vandalism of Property","2025-01-22"
"Kang","Robert","L.","1976-11-03","49","White","Male","Drug/Narcotic Violations","2025-02-02"
"Bell","Matthew","Nadia","1998-05-01","27","Unknown","Male","Simple Assault","2025-02-23"
"Hernandez","Benjamin","Emily","2011-08-13","14","Black or African American","Male","Aggravated Assault","2025-04-17"
"Sun","Jason","Camila","1982-12-01","43","White","Male","Motor Vehicle Theft","2025-07-28"
"Lin","Eric","Shota","1988-09-04","37","White","Male","Larceny/Theft Offenses - Theft From Motor Vehicle","2025-01-27"
"Molina","Iesha","J.","1988-08-18","37","White","Female","Burglary/Breaking & Entering","2025-01-21"
"Ngo","Isabella","","2007-08-04","18","White","Female","Larceny/Theft Offenses - Theft From Motor Vehicle","2025-01-29"
"Romero","Samantha","Tui","1983-11-02","42","Asian","Female","Fraud Offenses - Impersonation","2025-01-06"
"Powell","Nana","Deborah","1981-11-14","44","White","Female","Larceny/Theft Offenses - Shoplifting","2025-07-11"
"Morgan","Alana","Hieu","1994-03-02","31","White","Female","Aggravated Assault","2025-03-21"
"Scott","Juan","","1964-12-25","61","Asian","Male","Negligent Manslaughter","2025-06-06"
"Ross","Moana","","1995-06-02","30","White","Female","Simple Assault","2025-05-19"
"Chavez","Khalid","","1975-09-16","50","White","Male","Burglary/Breaking & Entering","2025-06-19"
"Hassan","Catherine","Yasmin","1988-04-29","37","Asian","Female","Larceny/Theft Offenses - All Other Larceny","2025-05-12"
"Perez","Malia","P.","1971-09-10","54","White","Female","Motor Vehicle Theft","2025-05-17"
"Garcia","Lani","Mai","1950-01-01","75","Unknown","Female","Stolen Property Offenses","2025-03-03"
"Matsumoto","Donghyun","Alana","2003-04-10","22","White","Male","Larceny/Theft Offenses - All Other Larceny","2025-06-09"
"Roberts","Jessica","Divya","1984-12-04","41","White","Female","Larceny/Theft Offenses - All Other Larceny","2025-01-24"
"Cheng","Jamal","D.","1991-02-22","34","White","Male","Simple Assault","2025-06-16"
"Byrd","Lisa","Deshawn","2006-07-31","19","White","Female","Motor Vehicle Theft","2025-05-08"
"Murphy","Benjamin","","1973-07-02","51","Black or African American","Male","Burglary/Breaking & Entering","2025-01-29"
"Morozov","Hina","Thuy","2006-09-28","19","White","Female","Aggravated Assault","2025-03-12"
"Turner","Samantha","Robert","1968-01-06","57","White","Female","Fraud Offenses - Identity Theft","2025-02-25"
"Gupta","Donna","Deepa","1998-07-27","27","White","Female","Larceny/Theft Offenses - All Other Larceny","2025-07-11"
"Rao","Tui","Isabella","1994-03-21","31","White","Male","Aggravated Assault","2025-07-15"
"Foster","Barbara","W.","1999-10-31","26","White","Female","Larceny/Theft Offenses - Theft From Motor Vehicle","2025-03-09"
"Mehta","Mana","Kevin","2003-11-06","22","Asian","Male","Destruction/Damage/Vandalism of Property","2025-01-16"
"Cruz","Nisha","Khalid","1981-03-08","44","Asian","Female","Fondling","2025-07-02"
"Gomez","Saki","Ann","2002-08-26","23","White","Female","Stalking","2025-06-05"
"Kelly","Justin","Dale","1951-08-16","74","White","Male","Larceny/Theft Offenses - Theft From Building","2025-01-26"
"Murphy","Nikolai","Omar","2005-02-12","20","White","Unknown","Larceny/Theft Offenses - Theft From Building","2025-05-25"
"Watanabe","Nasser","","1962-09-03","63","White","Male","Intimidation","2025-02-20"
"Martinez","Kenneth","Gary","1962-04-18","63","Asian","Male","Embezzlement","2025-07-23"
"Liu","Debra","Samir","2024-04-06","1","White","Female","Simple Assault","2025-04-02"
"Taufa","Tuan","L.","1986-06-16","38","White","Male","Simple Assault","2025-03-24"
"Watson","Rani","Kathleen","1989-12-27","36","White","Female","Larceny/Theft Offenses - Shoplifting","2025-07-12"
"Volkov","Jennifer","Hui","2009-01-25","16","White","Female","Destruction/Damage/Vandalism of Property","2025-07-03"
"Shah","Eduardo","","1951-08-20","74","White","Male","Kidnapping/Abduction","2025-07-28"
"Bui","Shota","","2002-04-22","23","White","Male","Simple Assault","2025-05-09"
"Jung","Jian","","2019-06-09","6","White","Male","Simple Assault","2025-05-22"
"Reed","Deshawn","Lei","1951-01-16","74","White","Male","Fraud Offenses - False Pretenses/Swindle/Confidence Game","2025-07-23"
"Wu","Ravi","Akiko","1968-09-10","57","Unknown","Male","Larceny/Theft Offenses - Theft From Motor Vehicle","2025-03-12"
"Scott","Hung","O.","1933-09-19","92","White","Male","Robbery","2025-06-25"
"Jimenez","Gregory","Anna","1981-12-06","44","White","Male","Drug Equipment Violations","2025-02-24"
"Jimenez","Valeria","","1962-04-16","63","Black or African American","Female","Larceny/Theft Offenses - Shoplifting","2025-01-19"
"Mehta","Andre","Matthew","1978-08-22","47","White","Male","Fraud Offenses - False Pretenses/Swindle/Confidence Game","2025-04-20"
"Hughes","Arun","","1978-07-02","47","White","Male","Larceny/Theft Offenses - Theft From Motor Vehicle","2025-01-03"
"Evans","Alejandro","Lynn","1971-04-05","54","White","Unknown","Motor Vehicle Theft","2025-05-20"
"Benson","Javier","Miguel","1963-02-06","62","Black or African American","Male","Robbery","2025-04-17"
"Suarez","Hassan","Y.","1979-07-27","46","White","Male","Larceny/Theft Offenses - Shoplifting","2025-02-23"
"Morozov","Eduardo","Nancy","2000-08-25","25","White","Male","Larceny/Theft Offenses - Theft From Motor Vehicle","2025-06-07"
"Morozov","Nikolai","Nana","1929-01-31","96","White","Male","Larceny/Theft Offenses - Theft From Motor Vehicle","2025-05-18"
"Kozlov","Jessica","Latoya","1966-05-29","59","Black or African American","Unknown","Larceny/Theft Offenses - All Other Larceny","2025-07-16"
"Johnson","Kathleen","Michelle","1961-06-16","64","White","Female","Larceny/Theft Offenses - All Other Larceny","2025-07-07"
"Evans","Jiyeon","Isabella","2005-10-24","20","White","Female","Larceny/Theft Offenses - All Other Larceny","2025-01-13"
"Medina","Rachel","Carlos","1963-02-28","62","Black or African American","Female","Prostitution","2025-03-01"
"Cho","Juan","","2007-09-24","18","White","Male","Arson","2025-06-01"
"Vega","Maria","Shanice","1964-06-16","61","White","Female","Animal Cruelty","2025-06-09"
"Davis","Hyejin","Nancy","1981-03-13","44","White","Female","Robbery","2025-07-19"
"Long","Stephanie","Lynn","2007-03-12","18","White","Female","Drug/Narcotic Violations","2025-02-18"
"Rodriguez","Latoya","Dennis","1987-02-27","38","White","Female","Fraud Offenses - False Pretenses/Swindle/Confidence Game","2025-06-26"
"Shah","Moana","","2012-04-10","13","White","Female","Destruction/Damage/Vandalism of Property","2025-06-18"
"Aguilar","Susan","L.","1962-04-07","63","White","Female","Aggravated Assault","2025-04-07"
"Nair","Nana","","1982-08-21","43","White","Female","Stolen Property Offenses","2025-02-06"
"Garrett","Tamika","Minh","1988-01-09","37","White","Female","Larceny/Theft Offenses - Shoplifting","2025-05-11"
"Morgan","Ramon","","2024-02-02","1","White","Male","Larceny/Theft Offenses - Theft From Building","2025-01-14"
"Mitchell","Rohit","","1980-04-24","45","White","Male","Fraud Offenses - False Pretenses/Swindle/Confidence Game","2025-05-23"
"Davis","Katherine","H.","1969-01-25","56","White","Female","Larceny/Theft Offenses - Theft From Building","2025-06-17"
"Ortega","Darius","Koa","1979-12-05","46","White","Male","Fraud Offenses - Credit Card/ATM Fraud","2025-02-09"
"Verma","Meena","","2001-02-14","24","White","Female","Larceny/Theft Offenses - Shoplifting","2025-02-14"
"Yamamoto","Vasil","Melissa","1981-09-29","44","White","Male","Destruction/Damage/Vandalism of Property","2025-06-26"
"Luo","Nancy","Arjun","1984-12-27","40","White","Female","Destruction/Damage/Vandalism of Property","2025-03-01"
"Patel","Andrei","Melissa","1989-10-07","36","Black or African American","Male","Fraud Offenses - False Pretenses/Swindle/Confidence Game","2025-06-18"
"Zhang","Xiu","Nisha","1973-01-01","52","White","Female","Drug/Narcotic Violations","2025-03-04"
"Jang","Jasmine","","2004-12-23","21","White","Female","Motor Vehicle Theft","2025-05-29"
"Clark","Camila","D.","1977-12-11","48","White","Female","Aggravated Assault","2025-03-11"
"Aguilar","Gloria","Mariana","1985-12-09","40","White","Female","Burglary/Breaking & Entering","2025-02-06"
"Verma","Kevin","R.","1987-12-09","37","White","Male","Simple Assault","2025-05-18"
"Yoon","Kavita","Manuel","1994-03-31","31","White","Female","Larceny/Theft Offenses - Theft From Motor Vehicle","2025-01-18"
"Young","Jalen","Suresh","2004-02-22","21","Black or African American","Male","Larceny/Theft Offenses - Shoplifting","2025-04-26"
"Lebedev","Aisha","Robert","1964-05-04","61","White","Female","Larceny/Theft Offenses - Shoplifting","2025-05-11"
"Lin","Boris","Kevin","1995-07-01","30","White","Male","Larceny/Theft Offenses - Theft From Building","2025-06-10"
"Sharma","Samantha","Reed","1991-03-24","34","White","Female","Prostitution","2025-05-30"
"Tran","Janet","Li","1979-07-06","46","White","Female","Robbery","2025-06-11"
"Flores","Sanjay","Sharon","1973-07-01","51","Black or African American","Male","Motor Vehicle Theft","2025-04-13"
"Tuilagi","Tiffany","","1983-11-15","42","White","Female","Burglary/Breaking & Entering","2025-07-09"
"Tuilagi","Svetlana","","1968-10-06","57","Black or African American","Female","Larceny/Theft Offenses - Shoplifting","2025-04-20"
"Diaz","Amit","Nadia","1983-03-11","42","White","Male","Larceny/Theft Offenses - Shoplifting","2025-07-24"
"Cox","Trayvon","Deepa","2006-11-02","19","American Indian or Alaska Native","Male","Motor Vehicle Theft","2025-02-18"
"Wang","Yuki","Jalen","1963-10-10","62","Unknown","Male","Fraud Offenses - False Pretenses/Swindle/Confidence Game","2025-01-16"
"Baylor","Robert","Laura","1974-08-06","51","White","Male","Simple Assault","2025-06-21"
"Brooks","Esperanza","Dennis","1967-05-08","58","Unknown","Female","Aggravated Assault","2025-05-28"
"Yang","Mana","Vivek","1976-04-26","49","White","Male","Rape","2025-07-31"
"Ruiz","Thomas","Carlos","2002-02-03","23","White","Male","Motor Vehicle Theft","2025-05-08"
"Booker","Jamal","Bogdan","2006-10-04","19","Asian","Male","Larceny/Theft Offenses - Shoplifting","2025-04-07"
"Guo","Svetlana","","1975-10-18","49","Black or African American","Female","Larceny/Theft Offenses - Shoplifting","2025-07-02"
"Benson","Nisha","Lani","1994-04-19","31","White","Female","Extortion/Blackmail","2025-03-24"
"Ngo","Bin","Priya","1995-03-21","30","Asian","Male","Larceny/Theft Offenses - Shoplifting","2025-07-15"
"Liang","Thuy","Svetlana","1978-03-24","47","White","Female","Intimidation","2025-06-12"
"Sanders","Tamika","Suresh","1990-12-14","35","White","Female","Larceny/Theft Offenses - Theft From Building","2025-07-02"
"Popov","Mei","Edward","2001-09-12","24","White","Female","Destruction/Damage/Vandalism of Property","2025-07-26"
"Turner","Patricia","Rani","2002-10-16","23","Black or African American","Female","Weapon Law Violations","2025-01-13"
"Bell","Brandon","Yasmin","1972-10-15","53","Unknown","Male","Embezzlement","2025-01-10"
"Ito","Long","Dawn","2003-06-02","22","White","Male","Larceny/Theft Offenses - Pocket-picking","2025-03-24"
"Guerrero","Hina","Jamal","2010-12-28","15","White","Female","Larceny/Theft Offenses - All Other Larceny","2025-06-14"
"Hall","Betty","Lan","1931-06-24","94","White","Female","Larceny/Theft Offenses - Shoplifting","2025-05-13"
"Vo","Kathleen","Olga","1985-06-30","40","Asian","Female","Burglary/Breaking & Entering","2025-01-10"
"Watson","Latoya","E.","1979-08-19","46","White","Unknown","Larceny/Theft Offenses - All Other Larceny","2025-07-16"
"Gomez","Carmen","Victor","1986-02-01","39","Asian","Female","Aggravated Assault","2025-07-11"
"Park","Suresh","K.","1968-09-12","56","Asian","Male","Larceny/Theft Offenses - All Other Larceny","2025-02-06"
"Peterson","Katya","Linda","1971-01-10","54","White","Female","Destruction/Damage/Vandalism of Property","2025-06-30"
"Myers","Debra","Steven","1985-06-24","39","White","Female","Pornography/Obscene Material","2025-02-19"
"Vega","Sunita","","1972-04-06","53","Asian","Female","Larceny/Theft Offenses - Purse-snatching","2025-06-03"
"Powell","Ravi","Maria","2004-08-01","21","White","Male","Simple Assault","2025-01-18"
"Herrera","Nana","Benjamin","1986-08-23","39","White","Female","Rape","2025-05-16"
"Reyes","Hyun","Boris","1965-03-12","60","Unknown","Male","Larceny/Theft Offenses - Theft From Building","2025-04-03"
"Watanabe","Michael","","1985-04-15","40","White","Male","Rape","2025-02-24"
"Payne","Emma","","1972-07-12","53","White","Female","Larceny/Theft Offenses - Theft From Building","2025-06-08"
"Pham","Anita","Koa","1981-01-27","44","White","Female","Larceny/Theft Offenses - Theft From Building","2025-02-18"
"Watts","Raymond","Raj","1983-09-02","42","Unknown","Male","Fraud Offenses - Impersonation","2025-01-14"
"Adams","Ahmed","Dawn","1983-09-08","42","White","Male","Larceny/Theft Offenses - Shoplifting","2025-04-19"
"Do","Jeffrey","Kaimana","1982-04-24","43","Unknown","Male","Larceny/Theft Offenses - Theft From Motor Vehicle","2025-06-17"
"Pillai","Natasha","","2005-05-13","20","Asian","Female","Fraud Offenses - Credit Card/ATM Fraud","2025-04-13"
"Murphy","Jason","Shaniqua","2003-10-12","22","Unknown","Male","Larceny/Theft Offenses - Theft From Motor Vehicle","2025-03-01"
"Evans","Fang","Tatiana","1930-04-19","95","White","Female","Fraud Offenses - False Pretenses/Swindle/Confidence Game","2025-04-22"
"Choi","Susan","","1973-01-04","52","Unknown","Female","Stalking","2025-07-01"
"Richardson","Pedro","Kaimana","1979-07-12","46","White","Male","Simple Assault","2025-04-15"
"Stepanov","Na","Frank","1972-02-04","53","White","Female","Larceny/Theft Offenses - Theft From Motor Vehicle","2025-02-04"
"Kozlov","Linda","Y.","1992-12-23","32","White","Female","Drug Equipment Violations","2025-07-02"
"Sanders","Amanda","","1971-01-04","54","Asian","Female","Larceny/Theft Offenses - Shoplifting","2025-02-18"
"Hughes","Sharon","","2016-11-11","9","White","Female","Larceny/Theft Offenses - Shoplifting","2025-07-10"
"Bennett","Huong","Faith","2005-06-02","20","Unknown","Female","Larceny/Theft Offenses - Theft From Motor Vehicle","2025-04-09"
"Yoshida","Pradeep","Elizabeth","1982-08-24","43","Asian","Male","Aggravated Assault","2025-02-08"
"Hassan","Ryan","Andrei","1997-03-26","28","White","Male","Destruction/Damage/Vandalism of Property","2025-06-22"
"Holloway","Feng","E.","1961-05-24","64","White","Male","Larceny/Theft Offenses - Theft From Motor Vehicle","2025-02-10"
"Mehta","Emma","Tatiana","1932-02-16","93","White","Female","Simple Assault","2025-06-12"
"Taylor","Miguel","","1988-08-11","37","White","Male","Fraud Offenses - False Pretenses/Swindle/Confidence Game","2025-01-15"
"Ahmed","Kathleen","K.","1982-09-26","42","Asian","Female","Burglary/Breaking & Entering","2025-01-10"
"Delgado","Jessica","Tui","1976-01-12","49","White","Female","Intimidation","2025-05-12"
"Harris","Hina","Jose","1983-09-11","42","Asian","Female","Simple Assault","2025-01-09"
"Kang","Dorothy","Yuna","2008-05-05","17","White","Female","Animal Cruelty","2025-01-25"
"Rogers","Ajay","Paul","1991-11-29","34","White","Male","Robbery","2025-05-22"
"Young","Kimberly","Phuong","1966-05-11","59","Unknown","Female","Motor Vehicle Theft","2025-07-02"
"Walker","Sergio","Scott","2009-05-12","16","Asian","Male","Larceny/Theft Offenses - All Other Larceny","2025-01-28"
"Kozlov","Pooja","Deepak","1993-07-18","32","Asian","Female","Larceny/Theft Offenses - Shoplifting","2025-04-29"
"Baker","Maria","Shanice","1930-04-11","95","White","Female","Larceny/Theft Offenses - All Other Larceny","2025-06-23"
"Anderson","Priya","R.","1963-03-31","62","Asian","Female","Larceny/Theft Offenses - Shoplifting","2025-02-07"
"Cooper","Matthew","S.","2015-06-11","10","White","Male","Stalking","2025-01-02"
"Yamamoto","Nisha","Seung","1987-05-27","38","White","Female","Fraud Offenses - Credit Card/ATM Fraud","2025-01-11"
"Gray","Phuong","Leilani","1988-07-20","37","White","Female","Larceny/Theft Offenses - Theft From Building","2025-01-11"
"Thomas","Ashley","","1969-09-22","56","White","Female","Burglary/Breaking & Entering","2025-03-17"
"Cheng","Samantha","","1946-09-26","79","White","Female","Statutory Rape","2025-06-01"
"Verma","Jing","","2015-07-15","10","White","Female","Counterfeiting/Forgery","2025-02-03"
"Jenkins","Arun","Yuki","1984-02-19","41","White","Male","Weapon Law Violations","2025-03-13"
"Yoshida","Lani","","1970-01-24","55","White","Female","Aggravated Assault","2025-05-06"
"Matsumoto","Andrei","Jason","1952-07-31","73","White","Male","Weapon Law Violations","2025-03-19"
"White","Catherine","Kathleen","1985-11-10","40","White","Female","Larceny/Theft Offenses - Shoplifting","2025-01-22"
"Hill","Valeria","Sandra","1996-09-02","29","White","Female","Robbery","2025-03-16"
"Pillai","Andre","Yan","1961-03-26","64","Asian","Unknown","Robbery","2025-07-09"
"Yamamoto","Linda","Bin","1958-09-07","67","White","Female","Rape","2025-01-07"
"Luo","Lisa","Iesha","1998-03-10","27","Asian","Female","Destruction/Damage/Vandalism of Property","2025-07-12"
"Stepanov","Amy","Feng","1940-02-18","85","White","Female","Prostitution","2025-05-21"
"Cho","Andrei","Ryan","1989-07-19","36","Black or African American","Male","Larceny/Theft Offenses - Shoplifting","2025-04-15"
"Ortega","Ryo","Damon","2006-10-16","19","White","Male","Destruction/Damage/Vandalism of Property","2025-03-20"
"Ahmed","Jonathan","Alana","2000-04-10","25","Asian","Male","Murder & Non-negligent Manslaughter","2025-03-10"
"Bell","Elena","Jerry","1977-04-24","48","White","Female","Rape","2025-06-19"
"Booker","Nikhil","Patrick","2007-10-07","18","White","Male","Larceny/Theft Offenses - Theft From Building","2025-06-27"
"Volkov","Svetlana","Andrei","2009-04-05","16","Unknown","Female","Fraud Offenses - Identity Theft","2025-04-28"
"Gonzalez","Paul","","1967-11-12","58","White","Male","Destruction/Damage/Vandalism of Property","2025-03-07"
"Nguyen","Lisa","Maria","2006-11-18","19","White","Female","Simple Assault","2025-04-13"
"Singh","Tuan","","2002-12-23","23","White","Male","Larceny/Theft Offenses - Theft From Building","2025-07-10"
"Joshi","Maria","F.","2001-12-17","24","White","Female","Drug/Narcotic Violations","2025-05-02"
"Lee","Bin","","1961-11-14","64","White","Male","Larceny/Theft Offenses - Shoplifting","2025-07-05"
"Bell","Benjamin","Alika","2023-12-23","1","White","Male","Simple Assault","2025-01-28"
"Kumar","Pamela","","1970-07-29","55","White","Unknown","Intimidation","2025-01-08"
"Moreno","Daniela","Jeffrey","1957-07-18","68","White","Female","Aggravated Assault","2025-07-20"
"Nguyen","Ming","","1961-11-23","64","White","Male","Larceny/Theft Offenses - Shoplifting","2025-05-03"
"Suarez","Minsu","Sofia","2003-02-06","22","Asian","Male","Simple Assault","2025-06-13"
"Aguilar","Alexei","Donald","1976-05-07","49","Unknown","Male","Simple Assault","2025-02-19"
"Jones","Rebecca","T.","2001-01-01","24","White","Female","Larceny/Theft Offenses - All Other Larceny","2025-02-25"
"Singh","Javier","Susan","1986-06-09","39","White","Male","Fondling","2025-06-14"
"Ngo","Long","Meena","1984-10-27","41","White","Male","Fraud Offenses - Impersonation","2025-01-25"
"Cheng","Tuan","M.","1972-03-08","53","White","Male","Fraud Offenses - Identity Theft","2025-06-20"
"Pham","Rachel","Hieu","1987-06-04","38","White","Female","Larceny/Theft Offenses - All Other Larceny","2025-04-27"
"Garcia","Kekoa","Roberto","1990-06-28","35","White","Male","Motor Vehicle Theft","2025-05-15"
"Young","Javier","Larry","1998-01-17","27","Black or African American","Male","Simple Assault","2025-02-13"
"Bell","Ramon","Fernanda","1952-03-30","73","Unknown","Male","Larceny/Theft Offenses - Shoplifting","2025-06-17"
"Cho","Gabriela","Alexei","2006-03-29","19","Asian","Female","Fraud Offenses - False Pretenses/Swindle/Confidence Game","2025-05-08"
"Yamamoto","Tiffany","Phuong","1985-04-24","40","Asian","Female","Fraud Offenses - Identity Theft","2025-02-17"
"Liu","Lisa","Iesha","1967-01-07","58","White","Female","Simple Assault","2025-06-07"
"Carter","Yuna","T.","1985-02-27","40","White","Female","Incest","2025-05-23"
"Collins","Rosa","","1988-02-28","37","White","Female","Larceny/Theft Offenses - All Other Larceny","2025-05-12"
"Hall","Jamal","J.","2007-02-18","18","Asian","Male","Larceny/Theft Offenses - Theft From Motor Vehicle","2025-07-30"
"Garrett","Bin","Nikhil","1983-07-31","42","Asian","Male","Drug/Narcotic Violations","2025-07-17"
"Campbell","Kathleen","Hiroshi","1980-11-07","44","Asian","Female","Larceny/Theft Offenses - Shoplifting","2025-07-29"
"Jimenez","Natasha","S.","1964-09-25","61","Asian","Female","Aggravated Assault","2025-02-20"
"Nair","Christopher","Suresh","1977-01-25","48","Native Hawaiian or Other Pacific Islander","Male","Rape","2025-01-07"
"Kealoha","Emma","Kathleen","1991-06-21","34","White","Female","Larceny/Theft Offenses - All Other Larceny","2025-04-21"
"Yoon","Samuel","Yuki","2009-08-21","16","White","Male","Simple Assault","2025-04-27"
"Vo","Ashley","Alejandro","1994-07-04","31","White","Female","Robbery","2025-07-31"
"Hall","Sharon","Arun","1970-02-05","55","White","Female","Burglary/Breaking & Entering","2025-01-28"
"Roberts","Lan","Edward","1983-02-15","42","Unknown","Female","Intimidation","2025-04-05"
"James","Latoya","Priya","1951-04-14","74","White","Female","Robbery","2025-02-03"
"Garcia","Nana","","1986-09-10","39","White","Female","Intimidation","2025-06-26"
"Taufa","Jing","","1979-04-23","46","Black or African American","Female","Simple Assault","2025-01-07"
"Ward","Elena","Brian","1986-01-21","39","White","Female","Fraud Offenses - Credit Card/ATM Fraud","2025-01-27"
"Wilson","Aaliyah","Kathleen","1963-10-07","62","White","Female","Weapon Law Violations","2025-06-02"
"Morgan","Damon","","2003-10-05","22","White","Male","Simple Assault","2025-01-14"
"Watts","Lan","","1983-09-22","42","Asian","Female","Sodomy","2025-07-09"
"Ortiz","Dorothy","S.","1954-03-28","71","Unknown","Female","Murder & Non-negligent Manslaughter","2025-05-14"
"Stewart","Tiffany","Yan","1997-02-11","28","White","Female","Extortion/Blackmail","2025-03-01"
"Byrd","Dennis","Ali","2005-06-11","20","Asian","Male","Robbery","2025-07-22"
"Torres","Deborah","T.","1983-10-12","42","White","Female","Larceny/Theft Offenses - Theft From Motor Vehicle","2025-04-07"
"Brown","Takeshi","J.","1973-02-25","52","White","Male","Larceny/Theft Offenses - Theft From Motor Vehicle","2025-03-13"
"Delgado","Patricia","Vikram","1978-04-26","47","White","Female","Larceny/Theft Offenses - Theft From Motor Vehicle","2025-07-07"
"Herrera","Andre","Hyun","1986-11-01","39","American Indian or Alaska Native","Male","Fraud Offenses - False Pretenses/Swindle/Confidence Game","2025-04-29"
"Tran","Hassan","Amy","1948-05-22","77","White","Male","Drug/Narcotic Violations","2025-02-14"
"King","Catherine","Dennis","2001-06-15","24","Black or African American","Female","Prostitution","2025-02-23"
"Martin","Sergio","Rose","2025-11-29","0","White","Male","Burglary/Breaking & Entering","2025-01-13"
"Cho","Hieu","K.","1939-09-07","86","White","Male","Drug/Narcotic Violations","2025-02-26"
"Liang","Thuy","Soojin","1971-04-22","54","White","Female","Larceny/Theft Offenses - All Other Larceny","2025-07-09"
"Phillips","Javier","","1993-10-05","32","White","Male","Larceny/Theft Offenses - Theft From Motor Vehicle","2025-07-03"
"Moore","Irina","","1945-06-24","80","Asian","Female","Larceny/Theft Offenses - Theft From Motor Vehicle","2025-06-23"
"Taufa","Yuna","R.","1987-09-19","38","Asian","Female","Larceny/Theft Offenses - Theft From Building","2025-07-22"
"Murphy","Koa","","1983-01-24","42","Unknown","Male","Arson","2025-02-28"
"Singh","Sergio","","2000-03-16","25","White","Male","Simple Assault","2025-05-21"
"Cruz","Fang","Eunji","1971-09-07","54","Asian","Female","Larceny/Theft Offenses - Theft From Motor Vehicle","2025-07-29"
"Mitchell","Patricia","V.","1974-05-02","51","White","Female","Simple Assault","2025-06-08"
"Hernandez","Diana","Leilani","1953-04-30","72","White","Female","Motor Vehicle Theft","2025-03-12"
"Aguilar","Jacob","","1936-04-05","89","Asian","Male","Statutory Rape","2025-02-02"
"Green","Carlos","H.","1953-01-01","72","Asian","Male","Larceny/Theft Offenses - Theft From Motor Vehicle","2025-03-05"
"Rao","Mariana","Sue","1975-08-07","50","White","Female","Larceny/Theft Offenses - Theft From Building","2025-04-26"
"Ross","Elizabeth","Rahul","1997-02-22","28","White","Female","Simple Assault","2025-03-04"
"Hernandez","Christopher","Latasha","1996-02-15","29","Asian","Male","Rape","2025-07-24"
"Le","Arun","R.","1965-04-09","60","Black or African American","Male","Intimidation","2025-03-10"
"Baker","Jun","Gloria","1979-09-08","46","White","Male","Larceny/Theft Offenses - Shoplifting","2025-05-04"
"Vargas","Kenji","Lamar","1997-12-31","28","Asian","Male","Burglary/Breaking & Entering","2025-06-04"
"Evans","Vikram","","2005-02-23","20","Black or African American","Male","Burglary/Breaking & Entering","2025-03-13"
"Kealoha","Alejandro","R.","1986-11-03","39","White","Male","Larceny/Theft Offenses - Shoplifting","2025-07-11"
"Kobayashi","Katya","Shanice","1980-05-14","45","Asian","Female","Intimidation","2025-05-24"
"Chavez","Raj","O.","1958-07-05","67","White","Male","Simple Assault","2025-05-22"
"Rao","Puja","Keisha","1989-11-06","36","White","Female","Rape","2025-03-21"
"Joshi","Steven","Dorothy","1998-05-06","27","White","Male","Larceny/Theft Offenses - All Other Larceny","2025-04-02"
"Wang","Malik","Jason","2009-09-20","16","White","Male","Larceny/Theft Offenses - Theft From Motor Vehicle","2025-02-09"
"Ramirez","Hao","T.","1999-12-10","26","Asian","Male","Larceny/Theft Offenses - Theft From Building","2025-07-13"
"James","Shirley","Brian","1971-11-06","54","Asian","Female","Aggravated Assault","2025-06-01"
"Kumar","Ronald","Joy","1941-02-26","84","American Indian or Alaska Native","Male","Larceny/Theft Offenses - Theft From Motor Vehicle","2025-07-20"
"Peterson","Thomas","Deepak","2000-03-04","25","White","Male","Larceny/Theft Offenses - Shoplifting","2025-06-15"
"Perry","Iesha","","2000-01-22","25","White","Female","Aggravated Assault","2025-07-08"
"Haynes","Bogdan","","1985-03-17","40","Asian","Male","Fondling","2025-02-24"
"Green","Hung","Omar","1973-06-14","52","Unknown","Male","Larceny/Theft Offenses - Theft From Motor Vehicle","2025-06-04"
"Aziz","Ricardo","Lan","1964-11-04","61","Asian","Male","Larceny/Theft Offenses - Theft From Motor Vehicle","2025-03-12"
"Yamamoto","Jason","Lan","1968-11-28","57","Black or African American","Male","Destruction/Damage/Vandalism of Property","2025-02-17"
"Watanabe","Hyun","","1986-07-30","39","Black or African American","Male","Larceny/Theft Offenses - Shoplifting","2025-02-19"
"Lewis","Rani","","1999-05-08","26","White","Female","Fraud Offenses - False Pretenses/Swindle/Confidence Game","2025-02-12"
"Rivera","Suresh","Hieu","1967-02-08","58","White","Male","Destruction/Damage/Vandalism of Property","2025-06-28"
"Kelly","Larry","Nikhil","1989-06-15","36","White","Male","Larceny/Theft Offenses - Theft From Motor Vehicle","2025-07-30"
"Moore","Kathleen","Lei","1987-09-18","38","Asian","Unknown","Larceny/Theft Offenses - All Other Larceny","2025-02-13"
"Jefferson","Jalen","Pamela","1962-02-15","63","White","Male","Larceny/Theft Offenses - Theft From Motor Vehicle","2025-05-07"
"Singh","Hiroshi","","1972-07-28","53","White","Male","Simple Assault","2025-06-10"
"Omar","Arjun","A.","1975-10-16","50","White","Male","Fraud Offenses - False Pretenses/Swindle/Confidence Game","2025-03-28"
"Cooper","Elena","R.","2000-02-11","25","Black or African American","Female","Motor Vehicle Theft","2025-01-22"
"Holloway","Anthony","S.","1995-10-26","30","White","Male","Intimidation","2025-02-04"
"Chen","Gloria","Grace","1976-08-25","49","Unknown","Female","Fraud Offenses - Identity Theft","2025-02-22"
"Reddy","Carmen","","1977-02-11","48","White","Female","Larceny/Theft Offenses - Purse-snatching","2025-04-04"
"Aziz","Olga","Patrick","1983-12-04","42","White","Female","Rape","2025-02-14"
"Brooks","Yang","Ying","1986-08-14","39","White","Male","Fraud Offenses - Impersonation","2025-01-21"
"Tuilagi","Latasha","Tiffany","1984-04-25","41","Unknown","Female","Burglary/Breaking & Entering","2025-05-07"
